[{"model": "admin.logentry", "pk": 1, "fields": {"action_time": "2023-07-28T07:12:29.169Z", "user": 1, "content_type": 2, "object_id": "1", "object_repr": "teacher", "action_flag": 1, "change_message": "[{\"added\": {}}]"}}, {"model": "admin.logentry", "pk": 2, "fields": {"action_time": "2023-07-28T07:13:35.832Z", "user": 1, "content_type": 4, "object_id": "2", "object_repr": "student1", "action_flag": 2, "change_message": "[{\"changed\": {\"fields\": [\"Date of birth\", \"Cover img\"]}}]"}}, {"model": "admin.logentry", "pk": 3, "fields": {"action_time": "2023-07-28T07:15:37.060Z", "user": 1, "content_type": 4, "object_id": "5", "object_repr": "teacher1", "action_flag": 3, "change_message": ""}}, {"model": "admin.logentry", "pk": 4, "fields": {"action_time": "2023-07-28T07:17:13.399Z", "user": 1, "content_type": 2, "object_id": "1", "object_repr": "teacher", "action_flag": 2, "change_message": "[{\"changed\": {\"fields\": [\"Permissions\"]}}]"}}, {"model": "admin.logentry", "pk": 5, "fields": {"action_time": "2023-07-28T07:17:38.575Z", "user": 6, "content_type": 5, "object_id": "1", "object_repr": "web", "action_flag": 1, "change_message": "[{\"added\": {}}]"}}, {"model": "admin.logentry", "pk": 6, "fields": {"action_time": "2023-07-28T07:18:10.098Z", "user": 6, "content_type": 5, "object_id": "2", "object_repr": "Math", "action_flag": 1, "change_message": "[{\"added\": {}}]"}}, {"model": "admin.logentry", "pk": 7, "fields": {"action_time": "2023-07-28T07:18:45.243Z", "user": 6, "content_type": 5, "object_id": "3", "object_repr": "Design", "action_flag": 1, "change_message": "[{\"added\": {}}]"}}, {"model": "admin.logentry", "pk": 8, "fields": {"action_time": "2023-07-28T07:19:05.640Z", "user": 1, "content_type": 5, "object_id": "1", "object_repr": "Web", "action_flag": 2, "change_message": "[{\"changed\": {\"fields\": [\"Name topic\"]}}]"}}, {"model": "admin.logentry", "pk": 9, "fields": {"action_time": "2023-07-28T07:20:02.959Z", "user": 6, "content_type": 5, "object_id": "4", "object_repr": "DS/AI/ML", "action_flag": 1, "change_message": "[{\"added\": {}}]"}}, {"model": "admin.logentry", "pk": 10, "fields": {"action_time": "2023-07-28T07:20:35.643Z", "user": 6, "content_type": 5, "object_id": "5", "object_repr": "Physic", "action_flag": 1, "change_message": "[{\"added\": {}}]"}}, {"model": "admin.logentry", "pk": 11, "fields": {"action_time": "2023-07-28T07:21:09.041Z", "user": 6, "content_type": 5, "object_id": "6", "object_repr": "Programming", "action_flag": 1, "change_message": "[{\"added\": {}}]"}}, {"model": "admin.logentry", "pk": 12, "fields": {"action_time": "2023-07-28T07:21:26.894Z", "user": 6, "content_type": 5, "object_id": "7", "object_repr": "C/C++", "action_flag": 1, "change_message": "[{\"added\": {}}]"}}, {"model": "admin.logentry", "pk": 13, "fields": {"action_time": "2023-07-28T07:21:50.916Z", "user": 6, "content_type": 5, "object_id": "8", "object_repr": "Python", "action_flag": 1, "change_message": "[{\"added\": {}}]"}}, {"model": "admin.logentry", "pk": 14, "fields": {"action_time": "2023-07-28T07:22:25.262Z", "user": 6, "content_type": 5, "object_id": "9", "object_repr": "English", "action_flag": 1, "change_message": "[{\"added\": {}}]"}}, {"model": "admin.logentry", "pk": 15, "fields": {"action_time": "2023-07-28T07:28:04.732Z", "user": 6, "content_type": 6, "object_id": "1", "object_repr": "Machine Learning", "action_flag": 1, "change_message": "[{\"added\": {}}]"}}, {"model": "admin.logentry", "pk": 16, "fields": {"action_time": "2023-07-28T07:28:59.259Z", "user": 6, "content_type": 6, "object_id": "2", "object_repr": "Web Front-end", "action_flag": 1, "change_message": "[{\"added\": {}}]"}}, {"model": "admin.logentry", "pk": 17, "fields": {"action_time": "2023-07-28T07:31:25.630Z", "user": 6, "content_type": 6, "object_id": "3", "object_repr": "English Grammar", "action_flag": 1, "change_message": "[{\"added\": {}}]"}}, {"model": "admin.logentry", "pk": 18, "fields": {"action_time": "2023-07-28T07:32:38.353Z", "user": 6, "content_type": 9, "object_id": "1", "object_repr": "Statistics and Probability", "action_flag": 1, "change_message": "[{\"added\": {}}]"}}, {"model": "admin.logentry", "pk": 19, "fields": {"action_time": "2023-07-28T07:35:05.976Z", "user": 6, "content_type": 9, "object_id": "2", "object_repr": "Python basic", "action_flag": 1, "change_message": "[{\"added\": {}}]"}}, {"model": "admin.logentry", "pk": 20, "fields": {"action_time": "2023-07-28T07:35:52.758Z", "user": 6, "content_type": 9, "object_id": "3", "object_repr": "Natural Language Processing", "action_flag": 1, "change_message": "[{\"added\": {}}]"}}, {"model": "admin.logentry", "pk": 21, "fields": {"action_time": "2023-07-28T07:37:32.530Z", "user": 6, "content_type": 9, "object_id": "4", "object_repr": "Introduce HTML", "action_flag": 1, "change_message": "[{\"added\": {}}]"}}, {"model": "admin.logentry", "pk": 22, "fields": {"action_time": "2023-07-28T07:38:44.897Z", "user": 6, "content_type": 9, "object_id": "5", "object_repr": "CSS", "action_flag": 1, "change_message": "[{\"added\": {}}]"}}, {"model": "admin.logentry", "pk": 23, "fields": {"action_time": "2023-07-28T07:39:54.112Z", "user": 6, "content_type": 9, "object_id": "6", "object_repr": "Java Script", "action_flag": 1, "change_message": "[{\"added\": {}}]"}}, {"model": "admin.logentry", "pk": 24, "fields": {"action_time": "2023-07-28T07:42:34.276Z", "user": 7, "content_type": 6, "object_id": "4", "object_repr": "Photoshop CS5", "action_flag": 1, "change_message": "[{\"added\": {}}]"}}, {"model": "admin.logentry", "pk": 25, "fields": {"action_time": "2023-07-28T07:43:24.211Z", "user": 7, "content_type": 6, "object_id": "5", "object_repr": "Adobe Lightroom", "action_flag": 1, "change_message": "[{\"added\": {}}]"}}, {"model": "admin.logentry", "pk": 26, "fields": {"action_time": "2023-07-28T07:44:03.084Z", "user": 7, "content_type": 6, "object_id": "6", "object_repr": "Adobe Premiere", "action_flag": 1, "change_message": "[{\"added\": {}}]"}}, {"model": "admin.logentry", "pk": 27, "fields": {"action_time": "2023-07-28T07:44:47.997Z", "user": 6, "content_type": 8, "object_id": "1", "object_repr": "Final Test-Machine Learning", "action_flag": 1, "change_message": "[{\"added\": {}}]"}}, {"model": "admin.logentry", "pk": 28, "fields": {"action_time": "2023-07-28T07:46:06.033Z", "user": 6, "content_type": 11, "object_id": "1", "object_repr": "What is machine learning?", "action_flag": 1, "change_message": "[{\"added\": {}}]"}}, {"model": "admin.logentry", "pk": 29, "fields": {"action_time": "2023-07-28T07:46:58.698Z", "user": 6, "content_type": 11, "object_id": "2", "object_repr": "Machine Learning is a field of AI consisting of learning algorithms that ..............", "action_flag": 1, "change_message": "[{\"added\": {}}]"}}, {"model": "admin.logentry", "pk": 30, "fields": {"action_time": "2023-07-28T07:47:48.754Z", "user": 6, "content_type": 11, "object_id": "3", "object_repr": ".............. is a widely used and effective machine learning algorithm based on the idea of baggin", "action_flag": 1, "change_message": "[{\"added\": {}}]"}}, {"model": "admin.logentry", "pk": 31, "fields": {"action_time": "2023-07-28T07:48:33.423Z", "user": 6, "content_type": 11, "object_id": "4", "object_repr": "What is the disadvantage of decision trees?", "action_flag": 1, "change_message": "[{\"added\": {}}]"}}, {"model": "admin.logentry", "pk": 32, "fields": {"action_time": "2023-07-28T07:49:46.960Z", "user": 6, "content_type": 8, "object_id": "2", "object_repr": "Middle Test-English Grammar", "action_flag": 1, "change_message": "[{\"added\": {}}]"}}, {"model": "admin.logentry", "pk": 33, "fields": {"action_time": "2023-07-28T07:50:52.779Z", "user": 6, "content_type": 11, "object_id": "5", "object_repr": "______raiding for camels was a significant part of Bedouin life has  been documented in Wilfed Thesi", "action_flag": 1, "change_message": "[{\"added\": {}}]"}}, {"model": "admin.logentry", "pk": 34, "fields": {"action_time": "2023-07-28T07:51:28.651Z", "user": 6, "content_type": 11, "object_id": "6", "object_repr": "The little boy pleaded _____ not to leave him alone in the dark.", "action_flag": 1, "change_message": "[{\"added\": {}}]"}}, {"model": "admin.logentry", "pk": 35, "fields": {"action_time": "2023-07-28T08:06:52.046Z", "user": 1, "content_type": 4, "object_id": "8", "object_repr": "teacher3", "action_flag": 2, "change_message": "[{\"changed\": {\"fields\": [\"Cover img\"]}}]"}}, {"model": "admin.logentry", "pk": 36, "fields": {"action_time": "2023-07-28T08:07:04.475Z", "user": 1, "content_type": 4, "object_id": "7", "object_repr": "teacher2", "action_flag": 2, "change_message": "[{\"changed\": {\"fields\": [\"Cover img\"]}}]"}}, {"model": "admin.logentry", "pk": 37, "fields": {"action_time": "2023-07-28T08:07:18.065Z", "user": 1, "content_type": 4, "object_id": "6", "object_repr": "teacher1", "action_flag": 2, "change_message": "[{\"changed\": {\"fields\": [\"Cover img\"]}}]"}}, {"model": "admin.logentry", "pk": 38, "fields": {"action_time": "2023-07-28T08:07:31.447Z", "user": 1, "content_type": 4, "object_id": "4", "object_repr": "student3", "action_flag": 2, "change_message": "[{\"changed\": {\"fields\": [\"Cover img\"]}}]"}}, {"model": "admin.logentry", "pk": 39, "fields": {"action_time": "2023-07-28T08:07:45.497Z", "user": 1, "content_type": 4, "object_id": "3", "object_repr": "student2", "action_flag": 2, "change_message": "[{\"changed\": {\"fields\": [\"Cover img\"]}}]"}}, {"model": "admin.logentry", "pk": 40, "fields": {"action_time": "2023-07-28T08:07:56.157Z", "user": 1, "content_type": 4, "object_id": "2", "object_repr": "student1", "action_flag": 2, "change_message": "[{\"changed\": {\"fields\": [\"Cover img\"]}}]"}}, {"model": "admin.logentry", "pk": 41, "fields": {"action_time": "2023-07-28T08:11:46.581Z", "user": 8, "content_type": 6, "object_id": "7", "object_repr": "Physic with case-study", "action_flag": 1, "change_message": "[{\"added\": {}}]"}}, {"model": "admin.logentry", "pk": 42, "fields": {"action_time": "2023-07-28T08:12:52.496Z", "user": 8, "content_type": 6, "object_id": "7", "object_repr": "Physic with case-study", "action_flag": 2, "change_message": "[{\"changed\": {\"fields\": [\"Cover img\"]}}]"}}, {"model": "admin.logentry", "pk": 43, "fields": {"action_time": "2023-07-28T08:23:18.949Z", "user": 6, "content_type": 9, "object_id": "3", "object_repr": "Natural Language Processing", "action_flag": 2, "change_message": "[{\"changed\": {\"fields\": [\"Video\"]}}]"}}, {"model": "admin.logentry", "pk": 44, "fields": {"action_time": "2023-07-28T08:24:35.792Z", "user": 6, "content_type": 9, "object_id": "3", "object_repr": "NLP", "action_flag": 2, "change_message": "[{\"changed\": {\"fields\": [\"Name lesson\"]}}]"}}, {"model": "admin.logentry", "pk": 45, "fields": {"action_time": "2023-07-30T09:36:45.277Z", "user": 6, "content_type": 8, "object_id": "3", "object_repr": "Final test-English Grammar", "action_flag": 1, "change_message": "[{\"added\": {}}]"}}, {"model": "admin.logentry", "pk": 46, "fields": {"action_time": "2023-07-30T09:37:54.779Z", "user": 6, "content_type": 11, "object_id": "7", "object_repr": "That ___  a dog.", "action_flag": 1, "change_message": "[{\"added\": {}}]"}}, {"model": "admin.logentry", "pk": 47, "fields": {"action_time": "2023-07-30T09:41:12.985Z", "user": 6, "content_type": 9, "object_id": "7", "object_repr": "Noun", "action_flag": 1, "change_message": "[{\"added\": {}}]"}}, {"model": "admin.logentry", "pk": 48, "fields": {"action_time": "2023-07-31T04:01:16.267Z", "user": 1, "content_type": 7, "object_id": "28", "object_repr": "Certificate object (28)", "action_flag": 3, "change_message": ""}}, {"model": "admin.logentry", "pk": 49, "fields": {"action_time": "2023-07-31T04:01:16.277Z", "user": 1, "content_type": 7, "object_id": "27", "object_repr": "Certificate object (27)", "action_flag": 3, "change_message": ""}}, {"model": "admin.logentry", "pk": 50, "fields": {"action_time": "2023-07-31T04:01:16.279Z", "user": 1, "content_type": 7, "object_id": "26", "object_repr": "Certificate object (26)", "action_flag": 3, "change_message": ""}}, {"model": "admin.logentry", "pk": 51, "fields": {"action_time": "2023-07-31T04:01:16.281Z", "user": 1, "content_type": 7, "object_id": "25", "object_repr": "Certificate object (25)", "action_flag": 3, "change_message": ""}}, {"model": "admin.logentry", "pk": 52, "fields": {"action_time": "2023-07-31T04:01:16.283Z", "user": 1, "content_type": 7, "object_id": "24", "object_repr": "Certificate object (24)", "action_flag": 3, "change_message": ""}}, {"model": "admin.logentry", "pk": 53, "fields": {"action_time": "2023-07-31T04:01:16.286Z", "user": 1, "content_type": 7, "object_id": "23", "object_repr": "Certificate object (23)", "action_flag": 3, "change_message": ""}}, {"model": "admin.logentry", "pk": 54, "fields": {"action_time": "2023-07-31T04:01:16.288Z", "user": 1, "content_type": 7, "object_id": "22", "object_repr": "Certificate object (22)", "action_flag": 3, "change_message": ""}}, {"model": "admin.logentry", "pk": 55, "fields": {"action_time": "2023-07-31T04:01:16.291Z", "user": 1, "content_type": 7, "object_id": "21", "object_repr": "Certificate object (21)", "action_flag": 3, "change_message": ""}}, {"model": "admin.logentry", "pk": 56, "fields": {"action_time": "2023-07-31T04:01:16.293Z", "user": 1, "content_type": 7, "object_id": "20", "object_repr": "Certificate object (20)", "action_flag": 3, "change_message": ""}}, {"model": "admin.logentry", "pk": 57, "fields": {"action_time": "2023-07-31T04:01:16.295Z", "user": 1, "content_type": 7, "object_id": "19", "object_repr": "Certificate object (19)", "action_flag": 3, "change_message": ""}}, {"model": "admin.logentry", "pk": 58, "fields": {"action_time": "2023-07-31T04:01:16.297Z", "user": 1, "content_type": 7, "object_id": "18", "object_repr": "Certificate object (18)", "action_flag": 3, "change_message": ""}}, {"model": "admin.logentry", "pk": 59, "fields": {"action_time": "2023-07-31T04:01:16.299Z", "user": 1, "content_type": 7, "object_id": "17", "object_repr": "Certificate object (17)", "action_flag": 3, "change_message": ""}}, {"model": "admin.logentry", "pk": 60, "fields": {"action_time": "2023-07-31T04:01:16.301Z", "user": 1, "content_type": 7, "object_id": "16", "object_repr": "Certificate object (16)", "action_flag": 3, "change_message": ""}}, {"model": "admin.logentry", "pk": 61, "fields": {"action_time": "2023-07-31T04:01:16.304Z", "user": 1, "content_type": 7, "object_id": "15", "object_repr": "Certificate object (15)", "action_flag": 3, "change_message": ""}}, {"model": "admin.logentry", "pk": 62, "fields": {"action_time": "2023-07-31T04:01:16.306Z", "user": 1, "content_type": 7, "object_id": "14", "object_repr": "Certificate object (14)", "action_flag": 3, "change_message": ""}}, {"model": "admin.logentry", "pk": 63, "fields": {"action_time": "2023-07-31T04:01:16.308Z", "user": 1, "content_type": 7, "object_id": "13", "object_repr": "Certificate object (13)", "action_flag": 3, "change_message": ""}}, {"model": "admin.logentry", "pk": 64, "fields": {"action_time": "2023-07-31T04:01:16.310Z", "user": 1, "content_type": 7, "object_id": "12", "object_repr": "Certificate object (12)", "action_flag": 3, "change_message": ""}}, {"model": "admin.logentry", "pk": 65, "fields": {"action_time": "2023-07-31T04:01:16.312Z", "user": 1, "content_type": 7, "object_id": "11", "object_repr": "Certificate object (11)", "action_flag": 3, "change_message": ""}}, {"model": "admin.logentry", "pk": 66, "fields": {"action_time": "2023-07-31T04:01:16.314Z", "user": 1, "content_type": 7, "object_id": "10", "object_repr": "Certificate object (10)", "action_flag": 3, "change_message": ""}}, {"model": "admin.logentry", "pk": 67, "fields": {"action_time": "2023-07-31T04:01:16.316Z", "user": 1, "content_type": 7, "object_id": "9", "object_repr": "Certificate object (9)", "action_flag": 3, "change_message": ""}}, {"model": "admin.logentry", "pk": 68, "fields": {"action_time": "2023-07-31T04:01:16.318Z", "user": 1, "content_type": 7, "object_id": "8", "object_repr": "Certificate object (8)", "action_flag": 3, "change_message": ""}}, {"model": "admin.logentry", "pk": 69, "fields": {"action_time": "2023-07-31T04:01:16.321Z", "user": 1, "content_type": 7, "object_id": "7", "object_repr": "Certificate object (7)", "action_flag": 3, "change_message": ""}}, {"model": "admin.logentry", "pk": 70, "fields": {"action_time": "2023-07-31T04:01:16.324Z", "user": 1, "content_type": 7, "object_id": "6", "object_repr": "Certificate object (6)", "action_flag": 3, "change_message": ""}}, {"model": "admin.logentry", "pk": 71, "fields": {"action_time": "2023-07-31T04:01:16.327Z", "user": 1, "content_type": 7, "object_id": "5", "object_repr": "Certificate object (5)", "action_flag": 3, "change_message": ""}}, {"model": "admin.logentry", "pk": 72, "fields": {"action_time": "2023-07-31T04:01:16.329Z", "user": 1, "content_type": 7, "object_id": "4", "object_repr": "Certificate object (4)", "action_flag": 3, "change_message": ""}}, {"model": "admin.logentry", "pk": 73, "fields": {"action_time": "2023-07-31T04:01:16.333Z", "user": 1, "content_type": 7, "object_id": "3", "object_repr": "Certificate object (3)", "action_flag": 3, "change_message": ""}}, {"model": "admin.logentry", "pk": 74, "fields": {"action_time": "2023-07-31T04:01:16.335Z", "user": 1, "content_type": 7, "object_id": "2", "object_repr": "Certificate object (2)", "action_flag": 3, "change_message": ""}}, {"model": "admin.logentry", "pk": 75, "fields": {"action_time": "2023-07-31T04:01:16.340Z", "user": 1, "content_type": 7, "object_id": "1", "object_repr": "Certificate object (1)", "action_flag": 3, "change_message": ""}}, {"model": "admin.logentry", "pk": 76, "fields": {"action_time": "2023-07-31T04:15:43.721Z", "user": 1, "content_type": 7, "object_id": "32", "object_repr": "Certificate object (32)", "action_flag": 3, "change_message": ""}}, {"model": "admin.logentry", "pk": 77, "fields": {"action_time": "2023-07-31T04:15:43.726Z", "user": 1, "content_type": 7, "object_id": "31", "object_repr": "Certificate object (31)", "action_flag": 3, "change_message": ""}}, {"model": "admin.logentry", "pk": 78, "fields": {"action_time": "2023-07-31T04:15:43.729Z", "user": 1, "content_type": 7, "object_id": "30", "object_repr": "Certificate object (30)", "action_flag": 3, "change_message": ""}}, {"model": "admin.logentry", "pk": 79, "fields": {"action_time": "2023-07-31T04:15:43.731Z", "user": 1, "content_type": 7, "object_id": "29", "object_repr": "Certificate object (29)", "action_flag": 3, "change_message": ""}}, {"model": "admin.logentry", "pk": 80, "fields": {"action_time": "2023-07-31T04:17:29.040Z", "user": 1, "content_type": 7, "object_id": "34", "object_repr": "Certificate object (34)", "action_flag": 3, "change_message": ""}}, {"model": "admin.logentry", "pk": 81, "fields": {"action_time": "2023-07-31T04:17:29.058Z", "user": 1, "content_type": 7, "object_id": "33", "object_repr": "Certificate object (33)", "action_flag": 3, "change_message": ""}}, {"model": "admin.logentry", "pk": 82, "fields": {"action_time": "2023-07-31T04:18:14.298Z", "user": 1, "content_type": 7, "object_id": "36", "object_repr": "Certificate object (36)", "action_flag": 3, "change_message": ""}}, {"model": "admin.logentry", "pk": 83, "fields": {"action_time": "2023-07-31T04:18:14.306Z", "user": 1, "content_type": 7, "object_id": "35", "object_repr": "Certificate object (35)", "action_flag": 3, "change_message": ""}}, {"model": "admin.logentry", "pk": 84, "fields": {"action_time": "2023-07-31T04:18:42.574Z", "user": 1, "content_type": 7, "object_id": "38", "object_repr": "Certificate object (38)", "action_flag": 3, "change_message": ""}}, {"model": "admin.logentry", "pk": 85, "fields": {"action_time": "2023-07-31T04:18:42.579Z", "user": 1, "content_type": 7, "object_id": "37", "object_repr": "Certificate object (37)", "action_flag": 3, "change_message": ""}}, {"model": "admin.logentry", "pk": 86, "fields": {"action_time": "2023-07-31T04:20:30.911Z", "user": 1, "content_type": 7, "object_id": "39", "object_repr": "Certificate object (39)", "action_flag": 3, "change_message": ""}}, {"model": "admin.logentry", "pk": 87, "fields": {"action_time": "2023-07-31T07:07:38.824Z", "user": 1, "content_type": 7, "object_id": "40", "object_repr": "Certificate object (40)", "action_flag": 3, "change_message": ""}}, {"model": "admin.logentry", "pk": 88, "fields": {"action_time": "2023-08-01T03:03:44.797Z", "user": 1, "content_type": 7, "object_id": "42", "object_repr": "Certificate object (42)", "action_flag": 3, "change_message": ""}}, {"model": "admin.logentry", "pk": 89, "fields": {"action_time": "2023-08-01T03:03:44.806Z", "user": 1, "content_type": 7, "object_id": "41", "object_repr": "Certificate object (41)", "action_flag": 3, "change_message": ""}}, {"model": "admin.logentry", "pk": 90, "fields": {"action_time": "2023-08-01T03:24:04.551Z", "user": 1, "content_type": 7, "object_id": "44", "object_repr": "Certificate object (44)", "action_flag": 3, "change_message": ""}}, {"model": "admin.logentry", "pk": 91, "fields": {"action_time": "2023-08-01T03:26:54.725Z", "user": 1, "content_type": 7, "object_id": "43", "object_repr": "Certificate object (43)", "action_flag": 3, "change_message": ""}}, {"model": "admin.logentry", "pk": 92, "fields": {"action_time": "2023-08-01T03:27:02.798Z", "user": 1, "content_type": 7, "object_id": "45", "object_repr": "Certificate object (45)", "action_flag": 3, "change_message": ""}}, {"model": "admin.logentry", "pk": 93, "fields": {"action_time": "2023-08-01T03:28:01.921Z", "user": 1, "content_type": 7, "object_id": "46", "object_repr": "Certificate object (46)", "action_flag": 3, "change_message": ""}}, {"model": "admin.logentry", "pk": 94, "fields": {"action_time": "2023-08-01T05:23:44.617Z", "user": 1, "content_type": 7, "object_id": "49", "object_repr": "Certificate object (49)", "action_flag": 3, "change_message": ""}}, {"model": "admin.logentry", "pk": 95, "fields": {"action_time": "2023-08-01T05:23:44.642Z", "user": 1, "content_type": 7, "object_id": "47", "object_repr": "Certificate object (47)", "action_flag": 3, "change_message": ""}}, {"model": "admin.logentry", "pk": 96, "fields": {"action_time": "2023-08-01T09:01:35.151Z", "user": 1, "content_type": 12, "object_id": "5", "object_repr": "student1-Photoshop CS5", "action_flag": 3, "change_message": ""}}, {"model": "admin.logentry", "pk": 97, "fields": {"action_time": "2023-08-01T09:03:29.661Z", "user": 1, "content_type": 12, "object_id": "6", "object_repr": "student1-Photoshop CS5", "action_flag": 3, "change_message": ""}}, {"model": "admin.logentry", "pk": 98, "fields": {"action_time": "2023-08-01T09:13:26.385Z", "user": 1, "content_type": 6, "object_id": "7", "object_repr": "Physic in case-study", "action_flag": 2, "change_message": "[{\"changed\": {\"fields\": [\"Name course\"]}}]"}}, {"model": "admin.logentry", "pk": 99, "fields": {"action_time": "2023-08-01T09:14:00.064Z", "user": 1, "content_type": 6, "object_id": "7", "object_repr": "Physic in case-study", "action_flag": 2, "change_message": "[{\"changed\": {\"fields\": [\"Time to learn ets\"]}}]"}}, {"model": "admin.logentry", "pk": 100, "fields": {"action_time": "2023-08-01T09:24:57.433Z", "user": 1, "content_type": 10, "object_id": "4", "object_repr": "LessonLearned object (4)", "action_flag": 3, "change_message": ""}}, {"model": "admin.logentry", "pk": 101, "fields": {"action_time": "2023-08-01T09:34:01.200Z", "user": 1, "content_type": 10, "object_id": "5", "object_repr": "LessonLearned object (5)", "action_flag": 3, "change_message": ""}}, {"model": "admin.logentry", "pk": 102, "fields": {"action_time": "2023-08-01T09:34:01.205Z", "user": 1, "content_type": 10, "object_id": "3", "object_repr": "LessonLearned object (3)", "action_flag": 3, "change_message": ""}}, {"model": "admin.logentry", "pk": 103, "fields": {"action_time": "2023-08-01T09:34:01.208Z", "user": 1, "content_type": 10, "object_id": "2", "object_repr": "LessonLearned object (2)", "action_flag": 3, "change_message": ""}}, {"model": "admin.logentry", "pk": 104, "fields": {"action_time": "2023-08-01T09:34:01.210Z", "user": 1, "content_type": 10, "object_id": "1", "object_repr": "LessonLearned object (1)", "action_flag": 3, "change_message": ""}}, {"model": "admin.logentry", "pk": 105, "fields": {"action_time": "2023-08-01T10:27:17.389Z", "user": 1, "content_type": 12, "object_id": "3", "object_repr": "student1-Web Front-end", "action_flag": 3, "change_message": ""}}, {"model": "admin.logentry", "pk": 106, "fields": {"action_time": "2023-08-02T03:28:41.142Z", "user": 1, "content_type": 10, "object_id": "6", "object_repr": "LessonLearned object (6)", "action_flag": 3, "change_message": ""}}, {"model": "admin.logentry", "pk": 107, "fields": {"action_time": "2023-08-02T03:51:25.434Z", "user": 1, "content_type": 17, "object_id": "9", "object_repr": "PushInformation object (9)", "action_flag": 1, "change_message": "[{\"added\": {}}]"}}, {"model": "admin.logentry", "pk": 108, "fields": {"action_time": "2023-08-02T04:58:38.347Z", "user": 1, "content_type": 17, "object_id": "9", "object_repr": "PushInformation object (9)", "action_flag": 3, "change_message": ""}}, {"model": "admin.logentry", "pk": 109, "fields": {"action_time": "2023-08-02T04:58:38.357Z", "user": 1, "content_type": 17, "object_id": "8", "object_repr": "PushInformation object (8)", "action_flag": 3, "change_message": ""}}, {"model": "admin.logentry", "pk": 110, "fields": {"action_time": "2023-08-02T05:27:32.049Z", "user": 1, "content_type": 17, "object_id": "10", "object_repr": "PushInformation object (10)", "action_flag": 1, "change_message": "[{\"added\": {}}]"}}, {"model": "admin.logentry", "pk": 111, "fields": {"action_time": "2023-08-02T09:46:14.893Z", "user": 1, "content_type": 10, "object_id": "8", "object_repr": "LessonLearned object (8)", "action_flag": 3, "change_message": ""}}, {"model": "admin.logentry", "pk": 112, "fields": {"action_time": "2023-08-02T09:46:14.905Z", "user": 1, "content_type": 10, "object_id": "7", "object_repr": "LessonLearned object (7)", "action_flag": 3, "change_message": ""}}, {"model": "admin.logentry", "pk": 113, "fields": {"action_time": "2023-08-02T09:47:40.352Z", "user": 1, "content_type": 10, "object_id": "9", "object_repr": "LessonLearned object (9)", "action_flag": 3, "change_message": ""}}, {"model": "admin.logentry", "pk": 114, "fields": {"action_time": "2023-08-02T10:26:16.030Z", "user": 6, "content_type": 9, "object_id": "7", "object_repr": "Noun", "action_flag": 2, "change_message": "[{\"changed\": {\"fields\": [\"Video\"]}}]"}}, {"model": "admin.logentry", "pk": 115, "fields": {"action_time": "2023-08-02T10:28:59.695Z", "user": 7, "content_type": 9, "object_id": "8", "object_repr": "Draw with Brush tool", "action_flag": 1, "change_message": "[{\"added\": {}}]"}}, {"model": "admin.logentry", "pk": 116, "fields": {"action_time": "2023-08-02T10:29:31.472Z", "user": 7, "content_type": 9, "object_id": "9", "object_repr": "Constrast", "action_flag": 1, "change_message": "[{\"added\": {}}]"}}, {"model": "admin.logentry", "pk": 117, "fields": {"action_time": "2023-08-02T10:29:56.370Z", "user": 7, "content_type": 9, "object_id": "10", "object_repr": "Role-A Role-B", "action_flag": 1, "change_message": "[{\"added\": {}}]"}}, {"model": "admin.logentry", "pk": 118, "fields": {"action_time": "2023-08-02T10:30:41.142Z", "user": 8, "content_type": 9, "object_id": "11", "object_repr": "lighning", "action_flag": 1, "change_message": "[{\"added\": {}}]"}}, {"model": "admin.logentry", "pk": 119, "fields": {"action_time": "2023-08-02T10:31:47.556Z", "user": 8, "content_type": 6, "object_id": "7", "object_repr": "Physics in reality", "action_flag": 2, "change_message": "[{\"changed\": {\"fields\": [\"Name course\"]}}]"}}, {"model": "admin.logentry", "pk": 120, "fields": {"action_time": "2023-08-10T08:03:26.624Z", "user": 1, "content_type": 19, "object_id": "1", "object_repr": "http://localhost:8000/", "action_flag": 2, "change_message": "[{\"changed\": {\"fields\": [\"Domain name\", \"Display name\"]}}]"}}, {"model": "auth.group", "pk": 1, "fields": {"name": "teacher", "permissions": [21, 22, 23, 24, 29, 30, 31, 32, 33, 34, 35, 36, 52, 48, 41, 42, 43, 44, 17, 20]}}, {"model": "sessions.session", "pk": "0chjo7nedms8pnhlw4xwplojbgq3x8sw", "fields": {"session_data": ".eJxVjDsOwjAQBe_iGlnejT8xJX3OYNneDQ4gR4qTCnF3EikFtG9m3luEuK0lbI2XMJG4ik5cfrcU85PrAegR632Wea7rMiV5KPKkTQ4z8et2un8HJbay18CJqIfRWUvRGLaRktZIjKh950bfKwPKZdTKsgFUSuesPDvcQ7AgPl_lnDdk:1qR4TG:6cLMV3EeYfD9rM3f1yG5teoWqN5cPsXxcOazuN9R4ks", "expire_date": "2023-08-16T05:32:30.134Z"}}, {"model": "sessions.session", "pk": "2ase2zuo1q0c90x5b1qp56j8jy64vepk", "fields": {"session_data": ".eJxVjDsOwjAQBe_iGlmLf9iU9DmDtd51cADZUpxUiLuTSCmgfTPz3iLiupS49jzHicVVKHH63RLSM9cd8APrvUlqdZmnJHdFHrTLoXF-3Q7376BgL1vt0kgU8iV4lQjQZA1sDXiTSY3oTbLasQ7W-WSBQKEFPDOzIjZbasXnC_ZkOII:1qQrfx:a7-DeiItujCq64SJlIbcJoTnJMtol1bjVXH1fKx_Ej4", "expire_date": "2023-08-15T15:52:45.516Z"}}, {"model": "sessions.session", "pk": "4yedn6otvkpwvsd22up2xw95wdxxbt2l", "fields": {"session_data": "e30:1qR7Lh:yiDexV_08copnjeV3GfX3obxyUmGDciIftcHX0i-T_w", "expire_date": "2023-08-16T08:36:53.107Z"}}, {"model": "sessions.session", "pk": "5nfm8rmm7uwdcosnmp2bg8pt6lmqt310", "fields": {"session_data": ".eJxVjDsOwjAQBe_iGlmLf9iU9DmDtd51cADZUpxUiLuTSCmgfTPz3iLiupS49jzHicVVKHH63RLSM9cd8APrvUlqdZmnJHdFHrTLoXF-3Q7376BgL1vt0kgU8iV4lQjQZA1sDXiTSY3oTbLasQ7W-WSBQKEFPDOzIjZbasXnC_ZkOII:1qR7dv:lfHJ40MpdlU7NM_wgdb50WZSFuROVPeJWLwr7Y2vgdI", "expire_date": "2023-08-16T08:55:43.876Z"}}, {"model": "sessions.session", "pk": "6jsd9tupzm3t4zl4r40uiqlvi5kh9iw5", "fields": {"session_data": ".eJxVjEEOwiAQAP_C2ZAuFsp69O4byMIuUjU0Ke3J-HdD0oNeZybzVoH2rYS9yRpmVhfl1OmXRUpPqV3wg-p90Wmp2zpH3RN92KZvC8vrerR_g0Kt9C0OKftEI6CAh5xwAnLg-TyBZGtdYmG0A2UHGTmPFqwhwEgsxgCpzxfreTg6:1qQgt1:B6-lJntYYvsQ92N-URhzMw4CLrRnnhvTfMDi62d7TxA", "expire_date": "2023-08-15T04:21:31.586Z"}}, {"model": "sessions.session", "pk": "7a7130tx9vrneqedg04wajvsxfbgfrjj", "fields": {"session_data": ".eJxVjMsOgjAQRf-la9NQLEzr0j3fQObRsagpCYWV8d-VhIVu7znnvsyI25rHraZlnMRcjDOn342QH6nsQO5YbrPluazLRHZX7EGrHWZJz-vh_h1krPlbtwpNVEXuhbQjVm0xus4TAoMoeD37LiAF6hliaLxon5JrhAlAHJj3Bx6TOTY:1qR1Kq:wfv_cBvE017TWu83JQFpmCknt7pDdNz-UjC5EemChXo", "expire_date": "2023-08-16T02:11:36.595Z"}}, {"model": "sessions.session", "pk": "8wnt8rnr21uzl04cc81ill1qpisgeze9", "fields": {"session_data": ".eJxVjMsOgjAQRf-la9NQLEzr0j3fQObRsagpCYWV8d-VhIVu7znnvsyI25rHraZlnMRcjDOn342QH6nsQO5YbrPluazLRHZX7EGrHWZJz-vh_h1krPlbtwpNVEXuhbQjVm0xus4TAoMoeD37LiAF6hliaLxon5JrhAlAHJj3Bx6TOTY:1qPK7E:Pgir3IMuL-2_pdZifVVxvRSaM_Ssfh0clMgpbNIMzAI", "expire_date": "2023-08-11T09:50:32.309Z"}}, {"model": "sessions.session", "pk": "9b42q6gunkt3dk95mh75x00k7r04muq0", "fields": {"session_data": ".eJxVjDsOwjAQBe_iGlmLf9iU9DmDtd51cADZUpxUiLuTSCmgfTPz3iLiupS49jzHicVVKHH63RLSM9cd8APrvUlqdZmnJHdFHrTLoXF-3Q7376BgL1vt0kgU8iV4lQjQZA1sDXiTSY3oTbLasQ7W-WSBQKEFPDOzIjZbasXnC_ZkOII:1qQKHk:17AQnj1iOvi6rCewvUtgSrNETLAz4Ec3j-VzMzSdc8U", "expire_date": "2023-08-14T04:13:32.744Z"}}, {"model": "sessions.session", "pk": "9cvdc17fe2zz85rdn2hqnhrm3vb3tkr4", "fields": {"session_data": ".eJxVjMsOgjAQRf-la9NQLEzr0j3fQObRsagpCYWV8d-VhIVu7znnvsyI25rHraZlnMRcjDOn342QH6nsQO5YbrPluazLRHZX7EGrHWZJz-vh_h1krPlbtwpNVEXuhbQjVm0xus4TAoMoeD37LiAF6hliaLxon5JrhAlAHJj3Bx6TOTY:1qQKI5:ALaS55lhdnEf_4MwDUrZhsonJwz75lRFoznowqd7_FI", "expire_date": "2023-08-14T04:13:53.163Z"}}, {"model": "sessions.session", "pk": "akdcc6zz7r0lfe7di6znhu6l0qjt8aik", "fields": {"session_data": "eyJzb2NpYWxhY2NvdW50X3N0YXRlIjpbeyJwcm9jZXNzIjoibG9naW4iLCJzY29wZSI6IiIsImF1dGhfcGFyYW1zIjoiIn0sIldLMjY3SG1Fa1ZhbCJdfQ:1qU2KQ:UcImfZcFveuzoeKVu6rP18YPRu_LXGUqB2IEopsnK7I", "expire_date": "2023-08-24T09:51:38.067Z"}}, {"model": "sessions.session", "pk": "asix4gfy1l8rfbum4al38kwnggr7b1qv", "fields": {"session_data": ".eJxVjDsOwjAQBe_iGlmLf9iU9DmDtd51cADZUpxUiLuTSCmgfTPz3iLiupS49jzHicVVKHH63RLSM9cd8APrvUlqdZmnJHdFHrTLoXF-3Q7376BgL1vt0kgU8iV4lQjQZA1sDXiTSY3oTbLasQ7W-WSBQKEFPDOzIjZbasXnC_ZkOII:1qQ6Dx:R-faU6iTg5W_6uscV-hVcJmBSvutKG1aQb77l8KcVjk", "expire_date": "2023-08-13T13:12:41.458Z"}}, {"model": "sessions.session", "pk": "bikszipernsrxvdchk2xyjoa8u81ovj3", "fields": {"session_data": ".eJxVjMsOgjAQRf-la9NQLEzr0j3fQObRsagpCYWV8d-VhIVu7znnvsyI25rHraZlnMRcjDOn342QH6nsQO5YbrPluazLRHZX7EGrHWZJz-vh_h1krPlbtwpNVEXuhbQjVm0xus4TAoMoeD37LiAF6hliaLxon5JrhAlAHJj3Bx6TOTY:1qPHdU:7GyguF30RWuQxrYEdTGOv4HfI6lPewq2Z2yaEq9LMV4", "expire_date": "2023-08-11T07:11:40.634Z"}}, {"model": "sessions.session", "pk": "fht8mlz88l41xhmr9ocyyyh52n7xc9wy", "fields": {"session_data": ".eJxVjMsOgjAQRf-la9NQLEzr0j3fQObRsagpCYWV8d-VhIVu7znnvsyI25rHraZlnMRcjDOn342QH6nsQO5YbrPluazLRHZX7EGrHWZJz-vh_h1krPlbtwpNVEXuhbQjVm0xus4TAoMoeD37LiAF6hliaLxon5JrhAlAHJj3Bx6TOTY:1qPIyC:WcrWxnavCqhzvfo7zCf9uHJxgvW7mnYKAe6iE_PM81U", "expire_date": "2023-08-11T08:37:08.660Z"}}, {"model": "sessions.session", "pk": "fqtbe2dp046cgse0t83rm1q9pc029d6x", "fields": {"session_data": ".eJxVjDsOwjAQBe_iGlmLf9iU9DmDtd51cADZUpxUiLuTSCmgfTPz3iLiupS49jzHicVVKHH63RLSM9cd8APrvUlqdZmnJHdFHrTLoXF-3Q7376BgL1vt0kgU8iV4lQjQZA1sDXiTSY3oTbLasQ7W-WSBQKEFPDOzIjZbasXnC_ZkOII:1qR9Cl:OPryeHTVe6gE3p3YouIR5eijxlQqf2qdMrG8MIj6xUA", "expire_date": "2023-08-16T10:35:47.551Z"}}, {"model": "sessions.session", "pk": "h59acj39ex0bh0wfe2cjt0bnu2uhe5a6", "fields": {"session_data": ".eJxVjMsOgjAQRf-la9NQLEzr0j3fQObRsagpCYWV8d-VhIVu7znnvsyI25rHraZlnMRcjDOn342QH6nsQO5YbrPluazLRHZX7EGrHWZJz-vh_h1krPlbtwpNVEXuhbQjVm0xus4TAoMoeD37LiAF6hliaLxon5JrhAlAHJj3Bx6TOTY:1qQN02:En4fgbQEfV3LWFLJ_89qfGfhrBwoC8nzNA83rCrlgxQ", "expire_date": "2023-08-14T07:07:26.449Z"}}, {"model": "sessions.session", "pk": "ip1xtb58hkrewouxtq6806phh5hhwadr", "fields": {"session_data": ".eJxVjMsOgjAQRf-la9NQLEzr0j3fQObRsagpCYWV8d-VhIVu7znnvsyI25rHraZlnMRcjDOn342QH6nsQO5YbrPluazLRHZX7EGrHWZJz-vh_h1krPlbtwpNVEXuhbQjVm0xus4TAoMoeD37LiAF6hliaLxon5JrhAlAHJj3Bx6TOTY:1qQffX:1y9jf5GNTEMwWjG9m6GvzTL8vpl54T2WbhmIOu1WPKw", "expire_date": "2023-08-15T03:03:31.345Z"}}, {"model": "sessions.session", "pk": "ke2g13bkb6vp7hkw71yz7751107hmu7q", "fields": {"session_data": ".eJxVjDsOwjAQBe_iGlmJP1mbkj5niHa9Cw4gW4qTCnF3iJQC2jcz76Um3NY8bU2WaWZ1Vk6dfjfC9JCyA75juVWdalmXmfSu6IM2PVaW5-Vw_w4ytvytia0IsKWhY4Pke2dQKPrAiToGTs46CRHAUh8cmkFMSNAzAHvw8areHwaLOEE:1qR6DZ:-scaAccNOjzEB72amGUAFfkVGNe-lP26KwdhlXWAyhw", "expire_date": "2023-08-16T07:24:25.387Z"}}, {"model": "sessions.session", "pk": "khffv0pj8k15wk9zgm3zhcwmjgq1a05s", "fields": {"session_data": "e30:1qR1l7:TFkTSoMjdGA5JatVIfI4_oeX-Yl1OxbbGRojsaQaJTo", "expire_date": "2023-08-16T02:38:45.678Z"}}, {"model": "sessions.session", "pk": "mac3fcm7576f48lbl2cm2kbfddx39ekf", "fields": {"session_data": ".eJxVjDsOwjAQBe_iGlmLf9iU9DmDtd51cADZUpxUiLuTSCmgfTPz3iLiupS49jzHicVVKHH63RLSM9cd8APrvUlqdZmnJHdFHrTLoXF-3Q7376BgL1vt0kgU8iV4lQjQZA1sDXiTSY3oTbLasQ7W-WSBQKEFPDOzIjZbasXnC_ZkOII:1qQ3HE:On-ElLI1sEiZVYacgbYhNihOhLrqxeaa8muviQ2Brvo", "expire_date": "2023-08-13T10:03:52.581Z"}}, {"model": "sessions.session", "pk": "nfkns3lqa1be9ip1ijo2moolkjt7rtal", "fields": {"session_data": ".eJxVjDsOwjAQBe_iGlmOP4mXkj5nsHbXDg4gW4qTCnF3EikFtG9m3lsE3NYctpaWMEdxFV5cfjdCfqZygPjAcq-Sa1mXmeShyJM2OdaYXrfT_TvI2PJek_WAGL11oMkY2yN7p9Aqp0AxAIN2SNagiTR0vp8mHbmDQevdd86IzxfQxTcZ:1qPIaR:WITp-1zOCTjHCeKm9JucS8VUfI6XBNFpWcAto7Lp5pc", "expire_date": "2023-08-11T08:12:35.446Z"}}, {"model": "sessions.session", "pk": "q1maj1f1w3fclxc491gxctrcsf8oyk6v", "fields": {"session_data": ".eJxVjDsOwjAQBe_iGlmLf9iU9DmDtd51cADZUpxUiLuTSCmgfTPz3iLiupS49jzHicVVKHH63RLSM9cd8APrvUlqdZmnJHdFHrTLoXF-3Q7376BgL1vt0kgU8iV4lQjQZA1sDXiTSY3oTbLasQ7W-WSBQKEFPDOzIjZbasXnC_ZkOII:1qR1nt:j6jlp5R1NXEGaLHn5Oq3hVfartYxkjVf994DswcR8gA", "expire_date": "2023-08-16T02:41:37.752Z"}}, {"model": "sessions.session", "pk": "t5f58xay7mhzq7xo29i05lgs9fsyq5uh", "fields": {"session_data": ".eJxVjMsOgjAQRf-la9NQLEzr0j3fQObRsagpCYWV8d-VhIVu7znnvsyI25rHraZlnMRcjDOn342QH6nsQO5YbrPluazLRHZX7EGrHWZJz-vh_h1krPlbtwpNVEXuhbQjVm0xus4TAoMoeD37LiAF6hliaLxon5JrhAlAHJj3Bx6TOTY:1qQlbG:uz_xYhZJMQTYEqM7p1mfyYZ8RejtjDd_086e3bRRqNY", "expire_date": "2023-08-15T09:23:30.743Z"}}, {"model": "sessions.session", "pk": "us8hzdlr0y63m3xcxjclm1gu753knjco", "fields": {"session_data": "e30:1qQres:nlTpVPV396xfW-ECVsZGOoi8NPL4iQc3JwGLw_FzLq0", "expire_date": "2023-08-15T15:51:38.517Z"}}, {"model": "sessions.session", "pk": "uwpic8o5ocvq32czyxpz7cqjjgs8okbf", "fields": {"session_data": ".eJxVjMsOgjAQRf-la9NQLEzr0j3fQObRsagpCYWV8d-VhIVu7znnvsyI25rHraZlnMRcjDOn342QH6nsQO5YbrPluazLRHZX7EGrHWZJz-vh_h1krPlbtwpNVEXuhbQjVm0xus4TAoMoeD37LiAF6hliaLxon5JrhAlAHJj3Bx6TOTY:1qQhqz:0MBtBVcQeGK_gbE5hsol4ewl9zRag0ZZtuVC6tWvwC4", "expire_date": "2023-08-15T05:23:29.926Z"}}, {"model": "sessions.session", "pk": "uyhan5iapchiwnf90mm6t01l5x722mt6", "fields": {"session_data": ".eJxVjEEOwiAQAP_C2ZAuFsp69O4byMIuUjU0Ke3J-HdD0oNeZybzVoH2rYS9yRpmVhfl1OmXRUpPqV3wg-p90Wmp2zpH3RN92KZvC8vrerR_g0Kt9C0OKftEI6CAh5xwAnLg-TyBZGtdYmG0A2UHGTmPFqwhwEgsxgCpzxfreTg6:1qR4QV:3eKlQDpq5kvzRzrB8kMtv5V8wCO7T1UHUEZR6tQ5Uf8", "expire_date": "2023-08-16T05:29:39.105Z"}}, {"model": "sessions.session", "pk": "vewkrkjrr6w3xrlam3jbvsoqc2fl2bwp", "fields": {"session_data": "eyJzb2NpYWxhY2NvdW50X3N0YXRlIjpbeyJwcm9jZXNzIjoibG9naW4iLCJzY29wZSI6IiIsImF1dGhfcGFyYW1zIjoiIn0sIjBqcUhySmhrekJXOSJdfQ:1qU2Fd:i0073JUyAou-NrErGf1iGoxvpj22nwZpiGNWfeD8gs4", "expire_date": "2023-08-24T09:46:41.880Z"}}, {"model": "sessions.session", "pk": "vvs7qeiddck91ozeqkqfmmuul6czfcqr", "fields": {"session_data": ".eJxVjMsOgjAQRf-la9NQLEzr0j3fQObRsagpCYWV8d-VhIVu7znnvsyI25rHraZlnMRcjDOn342QH6nsQO5YbrPluazLRHZX7EGrHWZJz-vh_h1krPlbtwpNVEXuhbQjVm0xus4TAoMoeD37LiAF6hliaLxon5JrhAlAHJj3Bx6TOTY:1qR2Wh:tT3izPBCoZPrHDpy1_BWBUnPpIZXbHeukeZvfEB_6DI", "expire_date": "2023-08-16T03:27:55.724Z"}}, {"model": "sessions.session", "pk": "w2fhphca7q33eh1fmraqcmm964k17q6b", "fields": {"session_data": ".eJxVjMsOgjAQRf-la9NQLEzr0j3fQObRsagpCYWV8d-VhIVu7znnvsyI25rHraZlnMRcjDOn342QH6nsQO5YbrPluazLRHZX7EGrHWZJz-vh_h1krPlbtwpNVEXuhbQjVm0xus4TAoMoeD37LiAF6hliaLxon5JrhAlAHJj3Bx6TOTY:1qPK7b:71TLunqT1Qp3STHT_4-1YgdtcKYhkQexG6PJNSGitSs", "expire_date": "2023-08-11T09:50:55.747Z"}}, {"model": "sessions.session", "pk": "w7h769uzyk0g643z8r2tplckf4tdfwsx", "fields": {"session_data": ".eJxVjDsOwjAQBe_iGlmLf9iU9DmDtd51cADZUpxUiLuTSCmgfTPz3iLiupS49jzHicVVKHH63RLSM9cd8APrvUlqdZmnJHdFHrTLoXF-3Q7376BgL1vt0kgU8iV4lQjQZA1sDXiTSY3oTbLasQ7W-WSBQKEFPDOzIjZbasXnC_ZkOII:1qQ9X8:bw4hVlDlwE8MFx97k4XeltvASkDxp6YsQc9-Dd-fGq4", "expire_date": "2023-08-13T16:44:42.594Z"}}, {"model": "sessions.session", "pk": "wkowz6on7e99uyd88ga05hul6dvfod2i", "fields": {"session_data": ".eJxVjDsOwjAQBe_iGlmOP4mXkj5nsHbXDg4gW4qTCnF3EikFtG9m3lsE3NYctpaWMEdxFV5cfjdCfqZygPjAcq-Sa1mXmeShyJM2OdaYXrfT_TvI2PJek_WAGL11oMkY2yN7p9Aqp0AxAIN2SNagiTR0vp8mHbmDQevdd86IzxfQxTcZ:1qPIWN:SB4PYNlfUXya0gD7TsJvUqotOg4DRxXpFlZTo-x8oyg", "expire_date": "2023-08-11T08:08:23.933Z"}}, {"model": "sessions.session", "pk": "wtcaofumuq53ujax8aszaayqnn80sp3t", "fields": {"session_data": ".eJxVjMsOgjAQRf-la9NQLEzr0j3fQObRsagpCYWV8d-VhIVu7znnvsyI25rHraZlnMRcjDOn342QH6nsQO5YbrPluazLRHZX7EGrHWZJz-vh_h1krPlbtwpNVEXuhbQjVm0xus4TAoMoeD37LiAF6hliaLxon5JrhAlAHJj3Bx6TOTY:1qQIeh:BFPP8Ddb_nlrDa-cKpnqon0zJUziJbAfeki67cKQiXo", "expire_date": "2023-08-14T02:29:07.264Z"}}, {"model": "sessions.session", "pk": "x8qcnzq2fki6el7l9kgrykaurpd50qv1", "fields": {"session_data": ".eJxVjDsOwjAQBe_iGllex7-lpOcM1vqHA8iW4qRC3B0ipYD2zcx7MU_bWv028uLnxM4M2el3CxQfue0g3andOo-9rcsc-K7wgw5-7Sk_L4f7d1Bp1G89gQ7RgFQ0kVAZA6F2hXTUE5QcSNpUhAQUSaI2IsQETjkjrRUIGIG9P97cNzo:1qR34h:gDTXsSXErxKBn_swhYTR-nbba-NrYx4j4jbWft8WJzg", "expire_date": "2023-08-16T04:03:03.436Z"}}, {"model": "sessions.session", "pk": "xa8rphewjop8nj6cejl16e080eucy3qq", "fields": {"session_data": ".eJxVjDsOwjAQBe_iGlmLf9iU9DmDtd51cADZUpxUiLuTSCmgfTPz3iLiupS49jzHicVVKHH63RLSM9cd8APrvUlqdZmnJHdFHrTLoXF-3Q7376BgL1vt0kgU8iV4lQjQZA1sDXiTSY3oTbLasQ7W-WSBQKEFPDOzIjZbasXnC_ZkOII:1qQ9CJ:XSN20PsHNcdjAWP28aTxkEtkdT3VcDkMGlYgOJUSMt0", "expire_date": "2023-08-13T16:23:11.774Z"}}, {"model": "sessions.session", "pk": "xqm4fztic7s70yd60dtyxi1wio418zx3", "fields": {"session_data": ".eJxVjMsOgjAQRf-la9NQLEzr0j3fQObRsagpCYWV8d-VhIVu7znnvsyI25rHraZlnMRcjDOn342QH6nsQO5YbrPluazLRHZX7EGrHWZJz-vh_h1krPlbtwpNVEXuhbQjVm0xus4TAoMoeD37LiAF6hliaLxon5JrhAlAHJj3Bx6TOTY:1qQNNa:nVnljlA9xhIllI5Al5dXRS22r-1tDLhdZjEAZ3_9VQ8", "expire_date": "2023-08-14T07:31:46.507Z"}}, {"model": "sessions.session", "pk": "ya31uogwkrnns23rox0i3h97fm8o6boj", "fields": {"session_data": ".eJxVjDsOwjAQBe_iGlmLf9iU9DmDtd51cADZUpxUiLuTSCmgfTPz3iLiupS49jzHicVVKHH63RLSM9cd8APrvUlqdZmnJHdFHrTLoXF-3Q7376BgL1vt0kgU8iV4lQjQZA1sDXiTSY3oTbLasQ7W-WSBQKEFPDOzIjZbasXnC_ZkOII:1qTgMG:K-CuJmXlrIiJadrOLjVrOdLpGHIWPwmF2A7xYIqXfZ0", "expire_date": "2023-08-23T10:24:04.786Z"}}, {"model": "sessions.session", "pk": "ych649zjz32x2fbxmeusa6p8hp11q418", "fields": {"session_data": ".eJxVjDsOwjAQBe_iGlmLf9iU9DmDtd51cADZUpxUiLuTSCmgfTPz3iLiupS49jzHicVVKHH63RLSM9cd8APrvUlqdZmnJHdFHrTLoXF-3Q7376BgL1vt0kgU8iV4lQjQZA1sDXiTSY3oTbLasQ7W-WSBQKEFPDOzIjZbasXnC_ZkOII:1qQ3Eg:xoEcfUFeFomVWa-9f_sJhU7cqV_X0_Pyuk7hjbx0bM8", "expire_date": "2023-08-13T10:01:14.247Z"}}, {"model": "sessions.session", "pk": "zxwviax9nps6iubc64tee5jg86ni0lm5", "fields": {"session_data": ".eJxVjDsOwjAQBe_iGlmOP4mXkj5nsHbXDg4gW4qTCnF3EikFtG9m3lsE3NYctpaWMEdxFV5cfjdCfqZygPjAcq-Sa1mXmeShyJM2OdaYXrfT_TvI2PJek_WAGL11oMkY2yN7p9Aqp0AxAIN2SNagiTR0vp8mHbmDQevdd86IzxfQxTcZ:1qR97E:yHwSNHPdgFW2EgAJNExsSj6L_mSGtTE63jX7eFRD-tY", "expire_date": "2023-08-16T10:30:04.984Z"}}, {"model": "authen.user", "pk": 1, "fields": {"password": "pbkdf2_sha256$600000$rfSv0BSE6mp05bTQx0P2Om$odTzx3H6zQByWeYNDHvoFQCy7rOw9sm3zx+PuLz+No0=", "last_login": "2023-08-10T08:14:13.986Z", "is_superuser": true, "username": "gavin", "first_name": "", "last_name": "", "email": "gavin.dang.goldenowl@gmail.com", "is_staff": true, "is_active": true, "date_joined": "2023-07-28T07:09:22.413Z", "created_at": "2023-07-28T07:09:22.695Z", "updated_at": "2023-08-02T02:11:46.949Z", "full_name": "Gavin Dang", "date_of_birth": null, "type": "", "cover_img": "", "groups": [], "user_permissions": []}}, {"model": "authen.user", "pk": 2, "fields": {"password": "pbkdf2_sha256$600000$Jy36DKgJX4XTviy9P0o3Zo$egowStnboefrhm3B+/qXo5GV200jkJYnpwuT33tQ87w=", "last_login": "2023-08-09T10:45:50.645Z", "is_superuser": false, "username": "student1", "first_name": "", "last_name": "", "email": "student1@email.com", "is_staff": false, "is_active": true, "date_joined": "2023-07-28T07:11:10.188Z", "created_at": "2023-07-28T07:11:10.454Z", "updated_at": "2023-08-03T04:25:16.143Z", "full_name": "Samantha David", "date_of_birth": "2023-07-05", "type": "student", "cover_img": "cover_img/DALLE_2023-07-28_14.27.37_-_a_cunputer_is_running_van_gogh_style.png", "groups": [], "user_permissions": []}}, {"model": "authen.user", "pk": 3, "fields": {"password": "pbkdf2_sha256$600000$9hVzHy7lEvCfiI4EEJ8jDu$1mDI5LQz6RkAKunWvOSCgJ3WwJjDYlAzRU4xwBkGwVg=", "last_login": "2023-08-02T07:23:01.093Z", "is_superuser": false, "username": "student2", "first_name": "", "last_name": "", "email": "student2@gmail.com", "is_staff": false, "is_active": true, "date_joined": "2023-07-28T07:14:27.825Z", "created_at": "2023-07-28T07:14:28.075Z", "updated_at": "2023-08-02T07:23:10.967Z", "full_name": "Adam Collins", "date_of_birth": null, "type": "student", "cover_img": "cover_img/robotrun.png", "groups": [1], "user_permissions": []}}, {"model": "authen.user", "pk": 4, "fields": {"password": "pbkdf2_sha256$600000$cFkR0xNaYy9yTZNa6VYuak$Ze2mjVEi2QFWjtb+7eWquXYbYF8wd7SfZPx3PJ5Y4AY=", "last_login": "2023-08-02T07:24:25.330Z", "is_superuser": false, "username": "student3", "first_name": "", "last_name": "", "email": "student3@gmail.com", "is_staff": false, "is_active": true, "date_joined": "2023-07-28T07:14:52.537Z", "created_at": "2023-07-28T07:14:52.766Z", "updated_at": "2023-08-02T07:24:38.076Z", "full_name": "Julia Martinez", "date_of_birth": null, "type": "student", "cover_img": "cover_img/A_photo_of_a_white_fur_monster_standing_in_a_purple_room.webp", "groups": [1], "user_permissions": []}}, {"model": "authen.user", "pk": 6, "fields": {"password": "pbkdf2_sha256$600000$RzEfICiAE78RmO19dxPrmE$0TStRoDi0+5j3SfdAoj0CtfcV/kBHs0/7lC7hlsKHvU=", "last_login": "2023-08-02T10:25:23.185Z", "is_superuser": false, "username": "teacher1", "first_name": "", "last_name": "", "email": "teacher1@gmail.com", "is_staff": true, "is_active": true, "date_joined": "2023-07-28T07:15:42.783Z", "created_at": "2023-07-28T07:15:43.011Z", "updated_at": "2023-07-28T08:07:18.062Z", "full_name": "Tyler Cooper", "date_of_birth": null, "type": "teacher", "cover_img": "cover_img/An_oil_pastel_drawing_of_an_annoyed_cat_in_a_spaceship.webp", "groups": [1], "user_permissions": []}}, {"model": "authen.user", "pk": 7, "fields": {"password": "pbkdf2_sha256$600000$1UWwrcu8jTlTnfFaNOzaIZ$KZKfFsV5Aakqo2vM32BzWz/5wHXPwPiBoYybZGH5Lbc=", "last_login": "2023-08-02T10:27:28.350Z", "is_superuser": false, "username": "teacher2", "first_name": "", "last_name": "", "email": "teacher2@gmail.com", "is_staff": true, "is_active": true, "date_joined": "2023-07-28T07:15:59.424Z", "created_at": "2023-07-28T07:15:59.649Z", "updated_at": "2023-08-02T07:22:49.800Z", "full_name": "Madison Sullivans", "date_of_birth": null, "type": "teacher", "cover_img": "cover_img/avtman.png", "groups": [1], "user_permissions": []}}, {"model": "authen.user", "pk": 8, "fields": {"password": "pbkdf2_sha256$600000$J9vsrtCscqyc093tXCRxUZ$pjO7psXlZ7OvqUQSbqSQUyUbK9f4vYXLhXjc8VgxtUo=", "last_login": "2023-08-02T10:30:04.956Z", "is_superuser": false, "username": "teacher3", "first_name": "", "last_name": "", "email": "teacher3@gmail.com", "is_staff": true, "is_active": true, "date_joined": "2023-07-28T07:16:15.917Z", "created_at": "2023-07-28T07:16:16.156Z", "updated_at": "2023-07-28T08:06:52.042Z", "full_name": "Nathan Lee", "date_of_birth": null, "type": "teacher", "cover_img": "cover_img/flosquare.jpeg", "groups": [1], "user_permissions": []}}, {"model": "authen.user", "pk": 9, "fields": {"password": "pbkdf2_sha256$600000$qmFnhy7WLpgsve9v7OvraV$yDhJvNdCtilvPU9eRyyX6CNmI5+OlQoRB9FJ+2CuItc=", "last_login": "2023-08-02T04:03:03.036Z", "is_superuser": false, "username": "student7", "first_name": "", "last_name": "", "email": "student7@gmail.com", "is_staff": false, "is_active": true, "date_joined": "2023-08-02T03:49:58.396Z", "created_at": "2023-08-02T03:49:58.664Z", "updated_at": "2023-08-02T03:50:16.033Z", "full_name": "Harper Lee", "date_of_birth": null, "type": "student", "cover_img": "", "groups": [1], "user_permissions": []}}, {"model": "authen.user", "pk": 10, "fields": {"password": "pbkdf2_sha256$600000$Dsqw571K9h4J7BgaqAyNvt$R3I/AU11zGW5j7ydNJmL/hUz+RRisf9gEesKGO751NI=", "last_login": "2023-08-10T03:35:44.787Z", "is_superuser": false, "username": "teacher10", "first_name": "", "last_name": "", "email": "teacher10@gmail.com", "is_staff": false, "is_active": true, "date_joined": "2023-08-10T03:35:38.684Z", "created_at": "2023-08-10T03:35:38.904Z", "updated_at": "2023-08-10T03:35:38.904Z", "full_name": "banaana", "date_of_birth": null, "type": "student", "cover_img": "", "groups": [1], "user_permissions": []}}, {"model": "authen.user", "pk": 11, "fields": {"password": "pbkdf2_sha256$600000$1qItljUufurdv8LXWLRthz$tevus5yOuQPHm9PVnHIwVLErt/rHQY9KED8k8KRwRP0=", "last_login": null, "is_superuser": false, "username": "user123", "first_name": "", "last_name": "", "email": "user1234@gmail.com", "is_staff": false, "is_active": true, "date_joined": "2023-08-10T03:53:24.808Z", "created_at": "2023-08-10T03:53:25.043Z", "updated_at": "2023-08-10T03:53:25.043Z", "full_name": "Samantha David", "date_of_birth": null, "type": "student", "cover_img": "", "groups": [1], "user_permissions": []}}, {"model": "authen.user", "pk": 12, "fields": {"password": "!JzMpziglq7aO8zilrSrjkiDfNYwa64IeV6gyaOEE", "last_login": "2023-08-10T08:21:28.207Z", "is_superuser": false, "username": "tran_anh_khoa", "first_name": "Trần Anh Khoa", "last_name": "Đặng", "email": "anhkhoalongha@gmail.com", "is_staff": false, "is_active": true, "date_joined": "2023-08-10T08:12:11.035Z", "created_at": "2023-08-10T08:12:11.053Z", "updated_at": "2023-08-10T08:12:11.053Z", "full_name": "", "date_of_birth": null, "type": "", "cover_img": "", "groups": [], "user_permissions": []}}, {"model": "course_manager.topic", "pk": 1, "fields": {"name_topic": "Web", "description": "Build your website"}}, {"model": "course_manager.topic", "pk": 2, "fields": {"name_topic": "Math", "description": "Math concept"}}, {"model": "course_manager.topic", "pk": 3, "fields": {"name_topic": "Design", "description": "Art and Video"}}, {"model": "course_manager.topic", "pk": 4, "fields": {"name_topic": "DS/AI/ML", "description": "Data Science/Artificial intelligence/Machine Learning"}}, {"model": "course_manager.topic", "pk": 5, "fields": {"name_topic": "Physic", "description": "Physics can, at base, be defined as the science of matter, motion, and energy."}}, {"model": "course_manager.topic", "pk": 6, "fields": {"name_topic": "Programming", "description": "Software"}}, {"model": "course_manager.topic", "pk": 7, "fields": {"name_topic": "C/C++", "description": "C/C++"}}, {"model": "course_manager.topic", "pk": 8, "fields": {"name_topic": "Python", "description": "Python"}}, {"model": "course_manager.topic", "pk": 9, "fields": {"name_topic": "English", "description": "Foreign Language"}}, {"model": "course_manager.course", "pk": 1, "fields": {"created_at": "2023-07-28T07:28:04.725Z", "updated_at": "2023-08-10T07:48:52.853Z", "name_course": "Machine Learning", "description": "Machine learning is a branch of artificial intelligence that focuses on developing algorithms and statistical models that enable machines to learn and improve their performance on a specific task over time.", "topic": 4, "teacher": 6, "register": 9, "time_to_learn_ets": 60, "cover_img": "course_img/DALLE_2023-07-28_14.27.37_-_a_cunputer_is_running_van_gogh_style.png", "level": "basic"}}, {"model": "course_manager.course", "pk": 2, "fields": {"created_at": "2023-07-28T07:28:59.255Z", "updated_at": "2023-08-10T07:48:52.840Z", "name_course": "Web Front-end", "description": "the front end is a combination of two different elements: the graphic design (the look) and the user interface (the feel).", "topic": 1, "teacher": 6, "register": 10, "time_to_learn_ets": 40, "cover_img": "course_img/A_computer_from_the_90s_in_the_style_of_vaporwave.webp", "level": "basic"}}, {"model": "course_manager.course", "pk": 3, "fields": {"created_at": "2023-07-28T07:31:25.622Z", "updated_at": "2023-08-10T07:48:52.803Z", "name_course": "English Grammar", "description": "English grammar is the set of structural rules of the English language.", "topic": 9, "teacher": 6, "register": 6, "time_to_learn_ets": 25, "cover_img": "course_img/DALLE_2023-07-28_14.31.10_-_3_people_are_talking_each_other_3D_.png", "level": "basic"}}, {"model": "course_manager.course", "pk": 4, "fields": {"created_at": "2023-07-28T07:42:34.270Z", "updated_at": "2023-08-10T07:48:52.810Z", "name_course": "Photoshop CS5", "description": "Adobe Photoshop is a raster graphics editor developed and published by Adobe Inc. for Windows and macOS. It was originally created in 1987 by Thomas and John Knoll.", "topic": 3, "teacher": 7, "register": 6, "time_to_learn_ets": 50, "cover_img": "course_img/ptspts.png", "level": "basic"}}, {"model": "course_manager.course", "pk": 5, "fields": {"created_at": "2023-07-28T07:43:24.208Z", "updated_at": "2023-07-28T07:43:24.208Z", "name_course": "Adobe Lightroom", "description": "Adobe Lightroom is a piece of image organization and image processing software developed by Adobe Inc. as part of the Creative Cloud subscription family. It is supported on Windows, macOS, iOS, Android, and tvOS.", "topic": 3, "teacher": 7, "register": 0, "time_to_learn_ets": 26, "cover_img": "course_img/An_oil_pastel_drawing_of_an_annoyed_cat_in_a_spaceship.webp", "level": "basic"}}, {"model": "course_manager.course", "pk": 6, "fields": {"created_at": "2023-07-28T07:44:03.082Z", "updated_at": "2023-07-28T07:44:03.082Z", "name_course": "Adobe Premiere", "description": "Adobe Premiere Pro is a timeline-based and non-linear video editing software application developed by Adobe Inc. and published as part of the Adobe Creative Cloud licensing program. First launched in 2003, Adobe Premiere Pro is a successor of Adobe Premiere.", "topic": 3, "teacher": 7, "register": 0, "time_to_learn_ets": 65, "cover_img": "", "level": "advanced"}}, {"model": "course_manager.course", "pk": 7, "fields": {"created_at": "2023-07-28T08:11:46.579Z", "updated_at": "2023-08-10T07:48:52.820Z", "name_course": "Physics in reality", "description": "Sub-disciplines include applied physics, astrophysics, biophysics, condensed matter physics, high-energy physics, nuclear physics, optics, and particle physics. Resources for physics are primarily available via the Web and some of the key web resources can be found in this guide", "topic": 5, "teacher": 8, "register": 3, "time_to_learn_ets": 5, "cover_img": "course_img/llightning.png", "level": "advanced"}}, {"model": "course_manager.certificate", "pk": 50, "fields": {"created_at": "2023-08-01T05:23:48.406Z", "updated_at": "2023-08-01T05:23:48.406Z", "student": 2, "course": 1, "score": 10.0, "pdf_url": null}}, {"model": "course_manager.certificate", "pk": 51, "fields": {"created_at": "2023-08-02T03:20:38.544Z", "updated_at": "2023-08-02T03:20:38.544Z", "student": 2, "course": 3, "score": 7.5, "pdf_url": null}}, {"model": "course_manager.exam", "pk": 1, "fields": {"created_at": "2023-07-28T07:44:47.995Z", "updated_at": "2023-07-28T07:44:47.995Z", "name_exam": "Final Test", "description": "Gradution Exam", "course": 1}}, {"model": "course_manager.exam", "pk": 2, "fields": {"created_at": "2023-07-28T07:49:46.957Z", "updated_at": "2023-07-28T07:49:46.957Z", "name_exam": "Middle Test", "description": "Middle test", "course": 3}}, {"model": "course_manager.exam", "pk": 3, "fields": {"created_at": "2023-07-30T09:36:45.269Z", "updated_at": "2023-07-30T09:36:45.269Z", "name_exam": "Final test", "description": "Final test", "course": 3}}, {"model": "course_manager.lesson", "pk": 1, "fields": {"created_at": "2023-07-28T07:32:38.350Z", "updated_at": "2023-07-28T07:32:38.350Z", "name_lesson": "Statistics and Probability", "course": 1, "video": "video1.mp4", "description": "Probability deals with predicting the likelihood of future events, while statistics involves the analysis of the frequency of past events. Probability is primarily a theoretical branch of mathematics, which studies the consequences of mathematical definitions.", "view_time": 20, "index": 1}}, {"model": "course_manager.lesson", "pk": 2, "fields": {"created_at": "2023-07-28T07:35:05.969Z", "updated_at": "2023-07-28T07:35:05.969Z", "name_lesson": "Python basic", "course": 1, "video": "earth.mp4", "description": "Python is a high-level, general-purpose programming language. Its design philosophy emphasizes code readability with the use of significant indentation", "view_time": 10, "index": 2}}, {"model": "course_manager.lesson", "pk": 3, "fields": {"created_at": "2023-07-28T07:35:52.757Z", "updated_at": "2023-07-28T08:24:35.790Z", "name_lesson": "NLP", "course": 1, "video": "LPLPN.mp4", "description": "Natural language processing (NLP) is a branch of artificial intelligence (AI) that enables computers to comprehend, generate, and manipulate human language. Natural language processing has the ability to interrogate the data with natural language text or voice.", "view_time": 15, "index": 2}}, {"model": "course_manager.lesson", "pk": 4, "fields": {"created_at": "2023-07-28T07:37:32.528Z", "updated_at": "2023-07-28T07:37:32.528Z", "name_lesson": "Introduce HTML", "course": 2, "video": "", "description": "HTML stands for Hyper Text Markup Language. HTML is the standard markup language for creating Web pages.", "view_time": 15, "index": 1}}, {"model": "course_manager.lesson", "pk": 5, "fields": {"created_at": "2023-07-28T07:38:44.891Z", "updated_at": "2023-07-28T07:38:44.891Z", "name_lesson": "CSS", "course": 2, "video": "css.mp4", "description": "Cascading Style Sheets is a style sheet language used for describing the presentation of a document written in a markup language such as HTML or XML.", "view_time": 15, "index": 2}}, {"model": "course_manager.lesson", "pk": 6, "fields": {"created_at": "2023-07-28T07:39:54.110Z", "updated_at": "2023-07-28T07:39:54.110Z", "name_lesson": "Java Script", "course": 2, "video": "jsj.mp4", "description": "JavaScript (JS) is a lightweight interpreted (or just-in-time compiled) programming language with first-class functions. While it is most well-known as the scripting language for Web pages, many non-browser environments also use it, such as Node.js, Apache CouchDB and Adobe Acrobat.", "view_time": 30, "index": 3}}, {"model": "course_manager.lesson", "pk": 7, "fields": {"created_at": "2023-07-30T09:41:12.955Z", "updated_at": "2023-08-02T10:26:16.020Z", "name_lesson": "Noun", "course": 3, "video": "earth_jLcDkYz.mp4", "description": "What is Noun in English?", "view_time": 20, "index": 1}}, {"model": "course_manager.lesson", "pk": 8, "fields": {"created_at": "2023-08-02T10:28:59.685Z", "updated_at": "2023-08-02T10:28:59.685Z", "name_lesson": "Draw with Brush tool", "course": 4, "video": "earth_WFMkcuV.mp4", "description": "D", "view_time": 15, "index": 1}}, {"model": "course_manager.lesson", "pk": 9, "fields": {"created_at": "2023-08-02T10:29:31.466Z", "updated_at": "2023-08-02T10:29:31.466Z", "name_lesson": "Constrast", "course": 5, "video": "earth_Ugap4GA.mp4", "description": "D", "view_time": 15, "index": 1}}, {"model": "course_manager.lesson", "pk": 10, "fields": {"created_at": "2023-08-02T10:29:56.363Z", "updated_at": "2023-08-02T10:29:56.363Z", "name_lesson": "Role-A Role-B", "course": 6, "video": "earth_i5RlOdT.mp4", "description": "D", "view_time": 15, "index": 1}}, {"model": "course_manager.lesson", "pk": 11, "fields": {"created_at": "2023-08-02T10:30:41.134Z", "updated_at": "2023-08-02T10:30:41.134Z", "name_lesson": "lighning", "course": 7, "video": "earth_At1kc0H.mp4", "description": "D", "view_time": 45, "index": 1}}, {"model": "course_manager.lessonlearned", "pk": 10, "fields": {"created_at": "2023-08-02T09:47:58.239Z", "updated_at": "2023-08-02T09:47:58.239Z", "student": 2, "lesson": 1}}, {"model": "course_manager.lessonlearned", "pk": 11, "fields": {"created_at": "2023-08-02T09:49:10.672Z", "updated_at": "2023-08-02T09:49:10.673Z", "student": 2, "lesson": 2}}, {"model": "course_manager.lessonlearned", "pk": 12, "fields": {"created_at": "2023-08-02T09:52:27.433Z", "updated_at": "2023-08-02T09:52:27.433Z", "student": 2, "lesson": 3}}, {"model": "course_manager.question", "pk": 1, "fields": {"question_text": "What is machine learning?", "exam": 1, "choice_1": "The selective acquisition of knowledge through the use of manual programs", "choice_2": "The selective acquisition of knowledge through the use of computer programs", "choice_3": "The autonomous acquisition of knowledge through the use of manual programs", "choice_4": "The autonomous acquisition of knowledge through the use of computer programs", "answer": "The autonomous acquisition of knowledge through the use of computer programs"}}, {"model": "course_manager.question", "pk": 2, "fields": {"question_text": "Machine Learning is a field of AI consisting of learning algorithms that ..............", "exam": 1, "choice_1": "At executing some task", "choice_2": "Over time with experience", "choice_3": "Improve their performance", "choice_4": "All of the above", "answer": "All of the above"}}, {"model": "course_manager.question", "pk": 3, "fields": {"question_text": ".............. is a widely used and effective machine learning algorithm based on the idea of baggin", "exam": 1, "choice_1": "Regression", "choice_2": "Classification", "choice_3": "Random Forest", "choice_4": "Decision Tree", "answer": "Random Forest"}}, {"model": "course_manager.question", "pk": 4, "fields": {"question_text": "What is the disadvantage of decision trees?", "exam": 1, "choice_1": "Factor analysis", "choice_2": "Decision trees are robust to outliers", "choice_3": "Decision trees are prone to be overfit", "choice_4": "All of the above", "answer": "Decision trees are prone to be overfit"}}, {"model": "course_manager.question", "pk": 5, "fields": {"question_text": "______raiding for camels was a significant part of Bedouin life has  been documented in Wilfed Thesi", "exam": 2, "choice_1": "That", "choice_2": "Which", "choice_3": "What", "choice_4": "Where", "answer": "That"}}, {"model": "course_manager.question", "pk": 6, "fields": {"question_text": "The little boy pleaded _____ not to leave him alone in the dark.", "exam": 2, "choice_1": "on his mother", "choice_2": "his mother", "choice_3": "with his mother", "choice_4": "at his mother", "answer": "with his mother"}}, {"model": "course_manager.question", "pk": 7, "fields": {"question_text": "That ___  a dog.", "exam": 3, "choice_1": "were", "choice_2": "is", "choice_3": "am", "choice_4": "are", "answer": "is"}}, {"model": "course_manager.register", "pk": 1, "fields": {"created_at": "2023-07-28T08:14:06.975Z", "student": 2, "course": 1}}, {"model": "course_manager.register", "pk": 2, "fields": {"created_at": "2023-07-30T09:46:42.268Z", "student": 1, "course": 3}}, {"model": "course_manager.register", "pk": 4, "fields": {"created_at": "2023-07-30T13:37:22.440Z", "student": 2, "course": 3}}, {"model": "course_manager.register", "pk": 7, "fields": {"created_at": "2023-08-01T09:03:31.894Z", "student": 2, "course": 4}}, {"model": "course_manager.register", "pk": 8, "fields": {"created_at": "2023-08-01T09:14:29.195Z", "student": 2, "course": 7}}, {"model": "course_manager.register", "pk": 9, "fields": {"created_at": "2023-08-01T10:27:23.911Z", "student": 2, "course": 2}}, {"model": "course_manager.register", "pk": 10, "fields": {"created_at": "2023-08-02T02:16:13.712Z", "student": 1, "course": 2}}, {"model": "course_manager.register", "pk": 11, "fields": {"created_at": "2023-08-02T02:16:57.511Z", "student": 1, "course": 2}}, {"model": "course_manager.register", "pk": 12, "fields": {"created_at": "2023-08-09T09:27:48.521Z", "student": 1, "course": 1}}, {"model": "course_manager.register", "pk": 13, "fields": {"created_at": "2023-08-09T09:29:38.403Z", "student": 1, "course": 1}}, {"model": "course_manager.resulttest", "pk": 1, "fields": {"created_at": "2023-07-28T08:14:32.873Z", "student": 2, "exam": 1, "mark": 10, "student_answer": {"1": "The autonomous acquisition of knowledge through the use of computer programs", "2": "All of the above", "3": "Random Forest", "4": "Decision trees are prone to be overfit"}, "number_of_test": 1, "pass_exam": true}}, {"model": "course_manager.resulttest", "pk": 2, "fields": {"created_at": "2023-07-30T09:46:59.714Z", "student": 1, "exam": 2, "mark": 0, "student_answer": {"5": "What", "6": "on his mother"}, "number_of_test": 1, "pass_exam": false}}, {"model": "course_manager.resulttest", "pk": 3, "fields": {"created_at": "2023-07-30T09:47:12.750Z", "student": 1, "exam": 2, "mark": 0, "student_answer": {"5": "Which", "6": "at his mother"}, "number_of_test": 2, "pass_exam": false}}, {"model": "course_manager.resulttest", "pk": 4, "fields": {"created_at": "2023-07-30T09:47:24.870Z", "student": 1, "exam": 3, "mark": 0, "student_answer": {"7": "am"}, "number_of_test": 1, "pass_exam": false}}, {"model": "course_manager.resulttest", "pk": 5, "fields": {"created_at": "2023-07-30T09:47:30.261Z", "student": 1, "exam": 3, "mark": 10, "student_answer": {"7": "is"}, "number_of_test": 2, "pass_exam": true}}, {"model": "course_manager.resulttest", "pk": 6, "fields": {"created_at": "2023-07-30T13:37:32.597Z", "student": 2, "exam": 2, "mark": 0, "student_answer": {"5": "Where", "6": "at his mother"}, "number_of_test": 1, "pass_exam": false}}, {"model": "course_manager.resulttest", "pk": 7, "fields": {"created_at": "2023-07-30T13:37:41.380Z", "student": 2, "exam": 2, "mark": 5, "student_answer": {"5": "Where", "6": "with his mother"}, "number_of_test": 2, "pass_exam": false}}, {"model": "course_manager.resulttest", "pk": 8, "fields": {"created_at": "2023-07-30T13:37:48.821Z", "student": 2, "exam": 3, "mark": 10, "student_answer": {"7": "is"}, "number_of_test": 1, "pass_exam": true}}, {"model": "course_manager.resulttest", "pk": 9, "fields": {"created_at": "2023-08-01T02:36:12.866Z", "student": 2, "exam": 3, "mark": 10, "student_answer": {"7": "is"}, "number_of_test": 2, "pass_exam": true}}, {"model": "course_manager.resulttest", "pk": 10, "fields": {"created_at": "2023-08-01T10:05:07.442Z", "student": 2, "exam": 2, "mark": 0, "student_answer": {"5": "Which", "6": "his mother"}, "number_of_test": 3, "pass_exam": false}}, {"model": "course_manager.resulttest", "pk": 11, "fields": {"created_at": "2023-08-01T10:05:24.486Z", "student": 2, "exam": 2, "mark": 0, "student_answer": {"5": "Which", "6": "his mother"}, "number_of_test": 4, "pass_exam": false}}, {"model": "course_manager.resulttest", "pk": 12, "fields": {"created_at": "2023-08-01T10:10:51.603Z", "student": 2, "exam": 3, "mark": 10, "student_answer": {"7": "is"}, "number_of_test": 3, "pass_exam": true}}, {"model": "course_manager.resulttest", "pk": 13, "fields": {"created_at": "2023-08-01T10:19:07.125Z", "student": 2, "exam": 3, "mark": 10, "student_answer": {"7": "is"}, "number_of_test": 4, "pass_exam": true}}, {"model": "course_manager.resulttest", "pk": 14, "fields": {"created_at": "2023-08-01T10:19:18.250Z", "student": 2, "exam": 3, "mark": 10, "student_answer": {"7": "is"}, "number_of_test": 5, "pass_exam": true}}, {"model": "course_manager.resulttest", "pk": 15, "fields": {"created_at": "2023-08-01T10:19:34.154Z", "student": 2, "exam": 3, "mark": 0, "student_answer": {"7": "are"}, "number_of_test": 6, "pass_exam": false}}, {"model": "course_manager.resulttest", "pk": 16, "fields": {"created_at": "2023-08-01T10:20:58.539Z", "student": 2, "exam": 3, "mark": 0, "student_answer": {"7": "are"}, "number_of_test": 7, "pass_exam": false}}, {"model": "course_manager.resulttest", "pk": 17, "fields": {"created_at": "2023-08-01T10:21:22.124Z", "student": 2, "exam": 3, "mark": 10, "student_answer": {"7": "is"}, "number_of_test": 8, "pass_exam": true}}, {"model": "course_manager.resulttest", "pk": 18, "fields": {"created_at": "2023-08-01T10:53:52.890Z", "student": 2, "exam": 3, "mark": 10, "student_answer": {"7": "is"}, "number_of_test": 9, "pass_exam": true}}, {"model": "course_manager.resulttest", "pk": 19, "fields": {"created_at": "2023-08-02T02:12:14.461Z", "student": 1, "exam": 2, "mark": 0, "student_answer": {"5": "Which", "6": "on his mother"}, "number_of_test": 3, "pass_exam": false}}, {"model": "course_manager.resulttest", "pk": 20, "fields": {"created_at": "2023-08-02T03:07:35.995Z", "student": 2, "exam": 3, "mark": 0, "student_answer": {"7": "were"}, "number_of_test": 10, "pass_exam": false}}, {"model": "course_manager.resulttest", "pk": 21, "fields": {"created_at": "2023-08-02T09:29:35.297Z", "student": 2, "exam": 1, "mark": 5, "student_answer": {"1": "The selective acquisition of knowledge through the use of manual programs", "2": "All of the above", "3": "Random Forest", "4": "Decision trees are robust to outliers"}, "number_of_test": 2, "pass_exam": false}}, {"model": "course_manager.resulttest", "pk": 22, "fields": {"created_at": "2023-08-02T09:30:09.600Z", "student": 2, "exam": 1, "mark": 5, "student_answer": {"1": "The selective acquisition of knowledge through the use of manual programs", "2": "All of the above", "3": "Random Forest", "4": "Decision trees are robust to outliers"}, "number_of_test": 3, "pass_exam": false}}, {"model": "webpush.subscriptioninfo", "pk": 15, "fields": {"browser": "chrome", "user_agent": "Mozilla/5.0 (X11; Linux x86_64) AppleWebKit/537.36 (KHTML, like Gecko) Chrome/114.0.0.0 Safari/537.36", "endpoint": "https://fcm.googleapis.com/fcm/send/dcri42zqNKc:APA91bHv7qOju_9t2_-fVN0nV0Z5F70I_M9xMvIt0bw-OPP2MBRK1iYfqd9XeRSHdioz_1VhlOoyYc6q959wvJjQjXD7eFphhfmbRb45cjoHf6umaq8bDAzRXzMOxHB7Gz_d4lHPEv1N", "auth": "COjNHsJXXONR2jg3vAfCbA", "p256dh": "BMJogv9NMviDmb90lBiftQTeEJZsyvWn18wAn4Tg7BEdEXPjylbC5z5jLvCa2PZ3FFrEofjd0CyVl4tHUt4vQsM"}}, {"model": "webpush.pushinformation", "pk": 20, "fields": {"user": 2, "subscription": 15, "group": null}}, {"model": "sites.site", "pk": 1, "fields": {"domain": "http://localhost:8000/", "name": "http://localhost:8000/"}}, {"model": "account.emailaddress", "pk": 1, "fields": {"user": 12, "email": "anhkhoalongha@gmail.com", "verified": true, "primary": true}}, {"model": "socialaccount.socialaccount", "pk": 1, "fields": {"user": 12, "provider": "google", "uid": "102792921172921102280", "last_login": "2023-08-10T08:21:28.189Z", "date_joined": "2023-08-10T08:12:11.064Z", "extra_data": "{\"iss\": \"https://accounts.google.com\", \"azp\": \"309372065654-vcf22ug7brke51sg0p5af7u6gluq23q8.apps.googleusercontent.com\", \"aud\": \"309372065654-vcf22ug7brke51sg0p5af7u6gluq23q8.apps.googleusercontent.com\", \"sub\": \"102792921172921102280\", \"email\": \"anhkhoalongha@gmail.com\", \"email_verified\": true, \"at_hash\": \"Jm7M7vfJ9OKo7YOZbyKMqA\", \"name\": \"Tr\\u1ea7n Anh Khoa \\u0110\\u1eb7ng\", \"picture\": \"https://lh3.googleusercontent.com/a/AAcHTtfSUzCfsF90P90juijf0MypPp5jnY2-_42qiI5feT0zxQ=s96-c\", \"given_name\": \"Tr\\u1ea7n Anh Khoa\", \"family_name\": \"\\u0110\\u1eb7ng\", \"locale\": \"vi\", \"iat\": 1691655688, \"exp\": 1691659288}"}}]